,symboling,normalized-losses,make,aspiration,num-of-doors,body-style,drive-wheels,engine-location,wheel-base,length,width,height,curb-weight,engine-type,num-of-cylinders,engine-size,fuel-system,bore,stroke,compression-ratio,horsepower,peak-rpm,city-l/1000km,highway-L/100km,price,diesel,gas
0,3,122,alfa-romero,std,two,convertible,rwd,front,88.6,0.41,0.32,0.08,2548,dohc,four,130,mpfi,3.47,2.68,9.0,111,5000.0,11.19,8.7,13495.0,0,1
1,3,122,alfa-romero,std,two,convertible,rwd,front,88.6,0.41,0.32,0.08,2548,dohc,four,130,mpfi,3.47,2.68,9.0,111,5000.0,11.19,8.7,16500.0,0,1
2,1,122,alfa-romero,std,two,hatchback,rwd,front,94.5,0.45,0.44,0.38,2823,ohcv,six,152,mpfi,2.68,3.47,9.0,154,5000.0,12.37,9.04,16500.0,0,1
3,2,164,audi,std,four,sedan,fwd,front,99.8,0.53,0.5,0.54,2337,ohc,four,109,mpfi,3.19,3.4,10.0,102,5500.0,9.79,7.83,13950.0,0,1
4,2,164,audi,std,four,sedan,4wd,front,99.4,0.53,0.52,0.54,2824,ohc,five,136,mpfi,3.19,3.4,8.0,115,5500.0,13.06,10.68,17450.0,0,1
5,2,122,audi,std,two,sedan,fwd,front,99.8,0.54,0.51,0.44,2507,ohc,five,136,mpfi,3.19,3.4,8.5,110,5500.0,12.37,9.4,15250.0,0,1
6,1,158,audi,std,four,sedan,fwd,front,105.8,0.77,0.95,0.66,2844,ohc,five,136,mpfi,3.19,3.4,8.5,110,5500.0,12.37,9.4,17710.0,0,1
7,1,122,audi,std,four,wagon,fwd,front,105.8,0.77,0.95,0.66,2954,ohc,five,136,mpfi,3.19,3.4,8.5,110,5500.0,12.37,9.4,18920.0,0,1
8,1,158,audi,turbo,four,sedan,fwd,front,105.8,0.77,0.95,0.68,3086,ohc,five,131,mpfi,3.13,3.4,8.3,140,5500.0,13.82,11.75,23875.0,0,1
9,2,192,bmw,std,two,sedan,rwd,front,101.2,0.53,0.38,0.54,2395,ohc,four,108,mpfi,3.5,2.8,8.8,101,5800.0,10.22,8.1,16430.0,0,1
10,0,192,bmw,std,four,sedan,rwd,front,101.2,0.53,0.38,0.54,2395,ohc,four,108,mpfi,3.5,2.8,8.8,101,5800.0,10.22,8.1,16925.0,0,1
11,0,188,bmw,std,two,sedan,rwd,front,101.2,0.53,0.38,0.54,2710,ohc,six,164,mpfi,3.31,3.19,9.0,121,4250.0,11.19,8.39,20970.0,0,1
12,0,188,bmw,std,four,sedan,rwd,front,101.2,0.53,0.38,0.54,2765,ohc,six,164,mpfi,3.31,3.19,9.0,121,4250.0,11.19,8.39,21105.0,0,1
13,1,122,bmw,std,four,sedan,rwd,front,103.5,0.71,0.56,0.66,3055,ohc,six,164,mpfi,3.31,3.19,9.0,121,4250.0,11.75,9.4,24565.0,0,1
14,0,122,bmw,std,four,sedan,rwd,front,103.5,0.71,0.56,0.66,3230,ohc,six,209,mpfi,3.62,3.39,8.0,182,5400.0,14.69,10.68,30760.0,0,1
15,0,122,bmw,std,two,sedan,rwd,front,103.5,0.79,0.65,0.49,3380,ohc,six,209,mpfi,3.62,3.39,8.0,182,5400.0,14.69,10.68,41315.0,0,1
16,0,122,bmw,std,four,sedan,rwd,front,110.0,0.83,0.91,0.71,3505,ohc,six,209,mpfi,3.62,3.39,8.0,182,5400.0,15.67,11.75,36880.0,0,1
17,2,121,chevrolet,std,two,hatchback,fwd,front,88.4,0.0,0.0,0.45,1488,l,three,61,2bbl,2.91,3.03,9.5,48,5100.0,5.0,4.43,5151.0,0,1
18,1,98,chevrolet,std,two,hatchback,fwd,front,94.5,0.22,0.28,0.35,1874,ohc,four,90,2bbl,3.03,3.11,9.6,70,5400.0,6.18,5.47,6295.0,0,1
19,0,81,chevrolet,std,four,sedan,fwd,front,94.5,0.26,0.28,0.35,1909,ohc,four,90,2bbl,3.03,3.11,9.6,70,5400.0,6.18,5.47,6575.0,0,1
20,1,118,dodge,std,two,hatchback,fwd,front,93.7,0.24,0.3,0.25,1876,ohc,four,90,2bbl,2.97,3.23,9.41,68,5500.0,6.35,5.73,5572.0,0,1
21,1,118,dodge,std,two,hatchback,fwd,front,93.7,0.24,0.3,0.25,1876,ohc,four,90,2bbl,2.97,3.23,9.4,68,5500.0,7.58,6.18,6377.0,0,1
22,1,118,dodge,turbo,two,hatchback,fwd,front,93.7,0.24,0.3,0.25,2128,ohc,four,98,mpfi,3.03,3.39,7.6,102,5500.0,9.79,7.83,7957.0,0,1
23,1,148,dodge,std,four,hatchback,fwd,front,93.7,0.24,0.3,0.23,1967,ohc,four,90,2bbl,2.97,3.23,9.4,68,5500.0,7.58,6.18,6229.0,0,1
24,1,148,dodge,std,four,sedan,fwd,front,93.7,0.24,0.3,0.23,1989,ohc,four,90,2bbl,2.97,3.23,9.4,68,5500.0,7.58,6.18,6692.0,0,1
25,1,148,dodge,std,four,sedan,fwd,front,93.7,0.24,0.3,0.23,1989,ohc,four,90,2bbl,2.97,3.23,9.4,68,5500.0,7.58,6.18,7609.0,0,1
26,1,148,dodge,turbo,four,sedan,fwd,front,93.7,0.24,0.3,0.23,2191,ohc,four,98,mpfi,3.03,3.39,7.6,102,5500.0,9.79,7.83,8558.0,0,1
27,-1,110,dodge,std,four,wagon,fwd,front,103.3,0.5,0.37,1.0,2535,ohc,four,122,2bbl,3.34,3.46,8.5,88,5000.0,9.79,7.83,8921.0,0,1
28,3,145,dodge,turbo,two,hatchback,fwd,front,95.9,0.48,0.51,0.2,2811,ohc,four,156,mfi,3.6,3.9,7.0,145,5000.0,12.37,9.79,12964.0,0,1
29,2,137,honda,std,two,hatchback,fwd,front,86.6,0.05,0.31,0.25,1713,ohc,four,92,1bbl,2.91,3.41,9.6,58,4800.0,4.8,4.35,6479.0,0,1
30,2,137,honda,std,two,hatchback,fwd,front,86.6,0.05,0.31,0.25,1819,ohc,four,92,1bbl,2.91,3.41,9.2,76,6000.0,7.58,6.18,6855.0,0,1
31,1,101,honda,std,two,hatchback,fwd,front,93.7,0.13,0.32,0.4,1837,ohc,four,79,1bbl,2.91,3.07,10.1,60,5500.0,6.18,5.6,5399.0,0,1
32,1,101,honda,std,two,hatchback,fwd,front,93.7,0.13,0.32,0.4,1940,ohc,four,92,1bbl,2.91,3.41,9.2,76,6000.0,7.83,6.91,6529.0,0,1
33,1,101,honda,std,two,hatchback,fwd,front,93.7,0.13,0.32,0.4,1956,ohc,four,92,1bbl,2.91,3.41,9.2,76,6000.0,7.83,6.91,7129.0,0,1
34,0,110,honda,std,four,sedan,fwd,front,96.5,0.33,0.32,0.56,2010,ohc,four,92,1bbl,2.91,3.41,9.2,76,6000.0,7.83,6.91,7295.0,0,1
35,0,78,honda,std,four,wagon,fwd,front,96.5,0.24,0.31,0.88,2024,ohc,four,92,1bbl,2.92,3.41,9.2,76,6000.0,7.83,6.91,7295.0,0,1
36,0,106,honda,std,two,hatchback,fwd,front,96.5,0.39,0.42,0.46,2236,ohc,four,110,1bbl,3.15,3.58,9.0,86,5800.0,8.7,7.12,7895.0,0,1
37,0,106,honda,std,two,hatchback,fwd,front,96.5,0.39,0.42,0.46,2289,ohc,four,110,1bbl,3.15,3.58,9.0,86,5800.0,8.7,7.12,9095.0,0,1
38,0,85,honda,std,four,sedan,fwd,front,96.5,0.51,0.42,0.53,2304,ohc,four,110,1bbl,3.15,3.58,9.0,86,5800.0,8.7,7.12,8845.0,0,1
39,0,85,honda,std,four,sedan,fwd,front,96.5,0.51,0.19,0.53,2372,ohc,four,110,1bbl,3.15,3.58,9.0,86,5800.0,8.7,7.12,10295.0,0,1
40,0,85,honda,std,four,sedan,fwd,front,96.5,0.51,0.42,0.53,2465,ohc,four,110,mpfi,3.15,3.58,9.0,101,5800.0,9.79,8.39,12945.0,0,1
41,1,107,honda,std,two,sedan,fwd,front,96.5,0.42,0.49,0.27,2293,ohc,four,110,2bbl,3.15,3.58,9.1,100,5500.0,9.4,7.58,10345.0,0,1
42,0,122,isuzu,std,four,sedan,rwd,front,94.3,0.44,0.13,0.48,2337,ohc,four,111,2bbl,3.31,3.23,8.5,78,4800.0,9.79,8.1,6785.0,0,1
43,2,122,isuzu,std,two,hatchback,rwd,front,96.0,0.47,0.42,0.3,2734,ohc,four,119,spfi,3.43,3.23,9.2,90,5000.0,9.79,8.1,11048.0,0,1
44,0,145,jaguar,std,four,sedan,rwd,front,113.0,0.87,0.79,0.42,4066,dohc,six,258,mpfi,3.63,4.17,8.1,176,4750.0,15.67,12.37,32250.0,0,1
45,0,122,jaguar,std,four,sedan,rwd,front,113.0,0.87,0.79,0.42,4066,dohc,six,258,mpfi,3.63,4.17,8.1,176,4750.0,15.67,12.37,35550.0,0,1
46,0,122,jaguar,std,two,sedan,rwd,front,102.0,0.76,0.88,0.0,3950,ohcv,twelve,326,mpfi,3.54,2.76,11.5,262,5000.0,18.08,13.82,36000.0,0,1
47,1,104,mazda,std,two,hatchback,fwd,front,93.1,0.27,0.33,0.53,1890,ohc,four,91,2bbl,3.03,3.15,9.0,68,5000.0,7.83,7.58,5195.0,0,1
48,1,104,mazda,std,two,hatchback,fwd,front,93.1,0.27,0.33,0.53,1900,ohc,four,91,2bbl,3.03,3.15,9.0,68,5000.0,7.58,6.18,6095.0,0,1
49,1,104,mazda,std,two,hatchback,fwd,front,93.1,0.27,0.33,0.53,1905,ohc,four,91,2bbl,3.03,3.15,9.0,68,5000.0,7.58,6.18,6795.0,0,1
50,1,113,mazda,std,four,sedan,fwd,front,93.1,0.38,0.33,0.53,1945,ohc,four,91,2bbl,3.03,3.15,9.0,68,5000.0,7.58,6.18,6695.0,0,1
51,1,113,mazda,std,four,sedan,fwd,front,93.1,0.38,0.33,0.53,1950,ohc,four,91,2bbl,3.08,3.15,9.0,68,5000.0,7.58,6.18,7395.0,0,1
52,3,150,mazda,std,two,hatchback,rwd,front,95.3,0.42,0.46,0.15,2380,rotor,two,70,4bbl,3.33,3.26,9.4,101,6000.0,13.82,10.22,10945.0,0,1
53,3,150,mazda,std,two,hatchback,rwd,front,95.3,0.42,0.46,0.15,2380,rotor,two,70,4bbl,3.33,3.26,9.4,101,6000.0,13.82,10.22,11845.0,0,1
54,3,150,mazda,std,two,hatchback,rwd,front,95.3,0.42,0.46,0.15,2385,rotor,two,70,4bbl,3.33,3.26,9.4,101,6000.0,13.82,10.22,13645.0,0,1
55,3,150,mazda,std,two,hatchback,rwd,front,95.3,0.42,0.46,0.15,2500,rotor,two,80,mpfi,3.33,3.26,9.4,135,6000.0,14.69,10.22,15645.0,0,1
56,1,129,mazda,std,two,hatchback,fwd,front,98.8,0.55,0.53,0.49,2385,ohc,four,122,2bbl,3.39,3.39,8.6,84,4800.0,9.04,7.34,8845.0,0,1
57,0,115,mazda,std,four,sedan,fwd,front,98.8,0.55,0.53,0.64,2410,ohc,four,122,2bbl,3.39,3.39,8.6,84,4800.0,9.04,7.34,8495.0,0,1
58,1,129,mazda,std,two,hatchback,fwd,front,98.8,0.55,0.53,0.49,2385,ohc,four,122,2bbl,3.39,3.39,8.6,84,4800.0,9.04,7.34,10595.0,0,1
59,0,115,mazda,std,four,sedan,fwd,front,98.8,0.55,0.53,0.64,2410,ohc,four,122,2bbl,3.39,3.39,8.6,84,4800.0,9.04,7.34,10245.0,0,1
60,0,122,mazda,std,four,sedan,fwd,front,98.8,0.55,0.53,0.64,2443,ohc,four,122,idi,3.39,3.39,22.7,64,4650.0,6.53,5.6,10795.0,1,0
61,0,115,mazda,std,four,hatchback,fwd,front,98.8,0.55,0.53,0.64,2425,ohc,four,122,2bbl,3.39,3.39,8.6,84,4800.0,9.04,7.34,11245.0,0,1
62,0,118,mazda,std,four,sedan,rwd,front,104.9,0.51,0.5,0.55,2670,ohc,four,140,mpfi,3.76,3.16,8.0,120,5000.0,12.37,8.7,18280.0,0,1
63,0,122,mazda,std,four,sedan,rwd,front,104.9,0.51,0.5,0.55,2700,ohc,four,134,idi,3.43,3.64,22.0,72,4200.0,7.58,6.03,18344.0,1,0
64,-1,93,mercedes-benz,turbo,four,sedan,rwd,front,110.0,0.74,0.85,0.73,3515,ohc,five,183,idi,3.58,3.64,21.5,123,4350.0,10.68,9.4,25552.0,1,0
65,-1,93,mercedes-benz,turbo,four,wagon,rwd,front,110.0,0.74,0.85,0.91,3750,ohc,five,183,idi,3.58,3.64,21.5,123,4350.0,10.68,9.4,28248.0,1,0
66,0,93,mercedes-benz,turbo,two,hardtop,rwd,front,106.7,0.69,0.85,0.59,3495,ohc,five,183,idi,3.58,3.64,21.5,123,4350.0,10.68,9.4,28176.0,1,0
67,-1,93,mercedes-benz,turbo,four,sedan,rwd,front,115.6,0.92,0.97,0.71,3770,ohc,five,183,idi,3.58,3.64,21.5,123,4350.0,10.68,9.4,31600.0,1,0
68,-1,122,mercedes-benz,std,four,sedan,rwd,front,115.6,0.92,0.97,0.73,3740,ohcv,eight,234,mpfi,3.46,3.1,8.3,155,4750.0,14.69,13.06,34184.0,0,1
69,3,142,mercedes-benz,std,two,convertible,rwd,front,96.6,0.59,0.87,0.25,3685,ohcv,eight,234,mpfi,3.46,3.1,8.3,155,4750.0,14.69,13.06,35056.0,0,1
70,0,122,mercedes-benz,std,four,sedan,rwd,front,120.9,1.0,0.97,0.74,3900,ohcv,eight,308,mpfi,3.8,3.35,8.0,184,4500.0,16.79,14.69,40960.0,0,1
71,1,122,mercedes-benz,std,two,hardtop,rwd,front,112.0,0.87,1.0,0.63,3715,ohcv,eight,304,mpfi,3.8,3.35,8.0,184,4500.0,16.79,14.69,45400.0,0,1
72,1,122,mercury,turbo,two,hatchback,rwd,front,102.7,0.56,0.66,0.58,2910,ohc,four,140,mpfi,3.78,3.12,8.0,175,5000.0,12.37,9.79,16503.0,0,1
73,2,161,mitsubishi,std,two,hatchback,fwd,front,93.7,0.24,0.35,0.25,1918,ohc,four,92,2bbl,2.97,3.23,9.4,68,5500.0,6.35,5.73,5389.0,0,1
74,2,161,mitsubishi,std,two,hatchback,fwd,front,93.7,0.24,0.35,0.25,1944,ohc,four,92,2bbl,2.97,3.23,9.4,68,5500.0,7.58,6.18,6189.0,0,1
75,2,161,mitsubishi,std,two,hatchback,fwd,front,93.7,0.24,0.35,0.25,2004,ohc,four,92,2bbl,2.97,3.23,9.4,68,5500.0,7.58,6.18,6669.0,0,1
76,1,161,mitsubishi,turbo,two,hatchback,fwd,front,93.0,0.24,0.3,0.25,2145,ohc,four,98,spdi,3.03,3.39,7.6,102,5500.0,9.79,7.83,7689.0,0,1
77,3,153,mitsubishi,turbo,two,hatchback,fwd,front,96.3,0.48,0.44,0.13,2370,ohc,four,110,spdi,3.17,3.46,7.5,116,5500.0,10.22,7.83,9959.0,0,1
78,3,153,mitsubishi,std,two,hatchback,fwd,front,96.3,0.48,0.44,0.13,2328,ohc,four,122,2bbl,3.35,3.46,8.5,88,5000.0,9.4,7.34,8499.0,0,1
79,3,122,mitsubishi,turbo,two,hatchback,fwd,front,95.9,0.48,0.51,0.2,2833,ohc,four,156,spdi,3.58,3.86,7.0,145,5000.0,12.37,9.79,12629.0,0,1
80,3,122,mitsubishi,turbo,two,hatchback,fwd,front,95.9,0.48,0.51,0.2,2921,ohc,four,156,spdi,3.59,3.86,7.0,145,5000.0,12.37,9.79,14869.0,0,1
81,3,122,mitsubishi,turbo,two,hatchback,fwd,front,95.9,0.48,0.51,0.2,2926,ohc,four,156,spdi,3.59,3.86,7.0,145,5000.0,12.37,9.79,14489.0,0,1
82,1,125,mitsubishi,std,four,sedan,fwd,front,96.3,0.47,0.44,0.32,2365,ohc,four,122,2bbl,3.35,3.46,8.5,88,5000.0,9.4,7.34,6989.0,0,1
83,1,125,mitsubishi,std,four,sedan,fwd,front,96.3,0.47,0.44,0.32,2405,ohc,four,122,2bbl,3.35,3.46,8.5,88,5000.0,9.4,7.34,8189.0,0,1
84,1,125,mitsubishi,turbo,four,sedan,fwd,front,96.3,0.47,0.44,0.32,2403,ohc,four,110,spdi,3.17,3.46,7.5,116,5500.0,10.22,7.83,9279.0,0,1
85,-1,137,mitsubishi,std,four,sedan,fwd,front,96.3,0.47,0.44,0.32,2403,ohc,four,110,spdi,3.17,3.46,7.5,116,5500.0,10.22,7.83,9279.0,0,1
86,1,128,nissan,std,two,sedan,fwd,front,94.5,0.36,0.3,0.56,1889,ohc,four,97,2bbl,3.15,3.29,9.4,69,5200.0,7.58,6.35,5499.0,0,1
87,1,128,nissan,std,two,sedan,fwd,front,94.5,0.36,0.3,0.56,2017,ohc,four,103,idi,2.99,3.47,21.9,55,4800.0,5.22,4.7,7099.0,1,0
88,1,128,nissan,std,two,sedan,fwd,front,94.5,0.36,0.3,0.56,1918,ohc,four,97,2bbl,3.15,3.29,9.4,69,5200.0,7.58,6.35,6649.0,0,1
89,1,122,nissan,std,four,sedan,fwd,front,94.5,0.36,0.3,0.56,1938,ohc,four,97,2bbl,3.15,3.29,9.4,69,5200.0,7.58,6.35,6849.0,0,1
90,1,103,nissan,std,four,wagon,fwd,front,94.5,0.43,0.3,0.48,2024,ohc,four,97,2bbl,3.15,3.29,9.4,69,5200.0,7.58,6.35,7349.0,0,1
91,1,128,nissan,std,two,sedan,fwd,front,94.5,0.36,0.3,0.56,1951,ohc,four,97,2bbl,3.15,3.29,9.4,69,5200.0,7.58,6.35,7299.0,0,1
92,1,128,nissan,std,two,hatchback,fwd,front,94.5,0.37,0.3,0.46,2028,ohc,four,97,2bbl,3.15,3.29,9.4,69,5200.0,7.58,6.35,7799.0,0,1
93,1,122,nissan,std,four,sedan,fwd,front,94.5,0.36,0.3,0.56,1971,ohc,four,97,2bbl,3.15,3.29,9.4,69,5200.0,7.58,6.35,7499.0,0,1
94,1,103,nissan,std,four,wagon,fwd,front,94.5,0.43,0.3,0.48,2037,ohc,four,97,2bbl,3.15,3.29,9.4,69,5200.0,7.58,6.35,7999.0,0,1
95,2,168,nissan,std,two,hardtop,fwd,front,95.1,0.32,0.3,0.46,2008,ohc,four,97,2bbl,3.15,3.29,9.4,69,5200.0,7.58,6.35,8249.0,0,1
96,0,106,nissan,std,four,hatchback,fwd,front,97.2,0.48,0.42,0.58,2324,ohc,four,120,2bbl,3.33,3.47,8.5,97,5200.0,8.7,6.91,8949.0,0,1
97,0,106,nissan,std,four,sedan,fwd,front,97.2,0.48,0.42,0.58,2302,ohc,four,120,2bbl,3.33,3.47,8.5,97,5200.0,8.7,6.91,9549.0,0,1
98,0,128,nissan,std,four,sedan,fwd,front,100.4,0.61,0.53,0.61,3095,ohcv,six,181,mpfi,3.43,3.27,9.0,152,5200.0,13.82,10.68,13499.0,0,1
99,0,108,nissan,std,four,wagon,fwd,front,100.4,0.65,0.53,0.69,3296,ohcv,six,181,mpfi,3.43,3.27,9.0,152,5200.0,13.82,10.68,14399.0,0,1
100,0,108,nissan,std,four,sedan,fwd,front,100.4,0.65,0.53,0.61,3060,ohcv,six,181,mpfi,3.43,3.27,9.0,152,5200.0,12.37,9.4,13499.0,0,1
101,3,194,nissan,std,two,hatchback,rwd,front,91.3,0.44,0.65,0.16,3071,ohcv,six,181,mpfi,3.43,3.27,9.0,160,5200.0,12.37,9.4,17199.0,0,1
102,3,194,nissan,turbo,two,hatchback,rwd,front,91.3,0.44,0.65,0.16,3139,ohcv,six,181,mpfi,3.43,3.27,7.8,200,5200.0,13.82,10.22,19699.0,0,1
103,1,231,nissan,std,two,hatchback,rwd,front,99.2,0.56,0.65,0.16,3139,ohcv,six,181,mpfi,3.43,3.27,9.0,160,5200.0,12.37,9.4,18399.0,0,1
104,0,161,peugot,std,four,sedan,rwd,front,107.9,0.68,0.69,0.74,3020,l,four,120,mpfi,3.46,3.19,8.4,97,5000.0,12.37,9.79,11900.0,0,1
105,0,161,peugot,turbo,four,sedan,rwd,front,107.9,0.68,0.69,0.74,3197,l,four,152,idi,3.7,3.52,21.0,95,4150.0,8.39,7.12,13200.0,1,0
106,0,122,peugot,std,four,wagon,rwd,front,114.2,0.86,0.69,0.91,3230,l,four,120,mpfi,3.46,3.19,8.4,97,5000.0,12.37,9.79,12440.0,0,1
107,0,122,peugot,turbo,four,wagon,rwd,front,114.2,0.86,0.69,0.91,3430,l,four,152,idi,3.7,3.52,21.0,95,4150.0,9.4,9.4,13860.0,1,0
108,0,161,peugot,std,four,sedan,rwd,front,107.9,0.68,0.69,0.74,3075,l,four,120,mpfi,3.46,2.19,8.4,95,5000.0,12.37,9.79,15580.0,0,1
109,0,161,peugot,turbo,four,sedan,rwd,front,107.9,0.68,0.69,0.74,3252,l,four,152,idi,3.7,3.52,21.0,95,4150.0,8.39,7.12,16900.0,1,0
110,0,122,peugot,std,four,wagon,rwd,front,114.2,0.86,0.69,0.74,3285,l,four,120,mpfi,3.46,2.19,8.4,95,5000.0,12.37,9.79,16695.0,0,1
111,0,122,peugot,turbo,four,wagon,rwd,front,114.2,0.86,0.69,0.91,3485,l,four,152,idi,3.7,3.52,21.0,95,4150.0,9.4,9.4,17075.0,1,0
112,0,161,peugot,std,four,sedan,rwd,front,107.9,0.68,0.69,0.74,3075,l,four,120,mpfi,3.46,3.19,8.4,97,5000.0,12.37,9.79,16630.0,0,1
113,0,161,peugot,turbo,four,sedan,rwd,front,107.9,0.68,0.69,0.74,3252,l,four,152,idi,3.7,3.52,21.0,95,4150.0,8.39,7.12,17950.0,1,0
114,0,161,peugot,turbo,four,sedan,rwd,front,108.0,0.68,0.68,0.68,3130,l,four,134,mpfi,3.61,3.21,7.0,142,5600.0,13.06,9.79,18150.0,0,1
115,1,119,plymouth,std,two,hatchback,fwd,front,93.7,0.24,0.3,0.25,1918,ohc,four,90,2bbl,2.97,3.23,9.4,68,5500.0,6.35,5.73,5572.0,0,1
116,1,119,plymouth,turbo,two,hatchback,fwd,front,93.7,0.24,0.3,0.25,2128,ohc,four,98,spdi,3.03,3.39,7.6,102,5500.0,9.79,7.83,7957.0,0,1
117,1,154,plymouth,std,four,hatchback,fwd,front,93.7,0.24,0.3,0.23,1967,ohc,four,90,2bbl,2.97,3.23,9.4,68,5500.0,7.58,6.18,6229.0,0,1
118,1,154,plymouth,std,four,sedan,fwd,front,93.7,0.39,0.3,0.25,1989,ohc,four,90,2bbl,2.97,3.23,9.4,68,5500.0,7.58,6.18,6692.0,0,1
119,1,154,plymouth,std,four,sedan,fwd,front,93.7,0.39,0.3,0.25,2191,ohc,four,98,2bbl,2.97,3.23,9.4,68,5500.0,7.58,6.18,7609.0,0,1
120,-1,74,plymouth,std,four,wagon,fwd,front,103.3,0.5,0.37,1.0,2535,ohc,four,122,2bbl,3.35,3.46,8.5,88,5000.0,9.79,7.83,8921.0,0,1
121,3,122,plymouth,turbo,two,hatchback,rwd,front,95.9,0.48,0.51,0.2,2818,ohc,four,156,spdi,3.59,3.86,7.0,145,5000.0,12.37,9.79,12764.0,0,1
122,3,186,porsche,std,two,hatchback,rwd,front,94.5,0.41,0.68,0.2,2778,ohc,four,151,mpfi,3.94,3.11,9.5,143,5500.0,12.37,8.7,22018.0,0,1
123,3,122,porsche,std,two,hardtop,rwd,rear,89.5,0.41,0.4,0.32,2756,ohcf,six,194,mpfi,3.74,2.9,9.5,207,5900.0,13.82,9.4,32528.0,0,1
124,3,122,porsche,std,two,hardtop,rwd,rear,89.5,0.41,0.4,0.32,2756,ohcf,six,194,mpfi,3.74,2.9,9.5,207,5900.0,13.82,9.4,34028.0,0,1
125,3,122,porsche,std,two,convertible,rwd,rear,89.5,0.41,0.4,0.32,2800,ohcf,six,194,mpfi,3.74,2.9,9.5,207,5900.0,13.82,9.4,37028.0,0,1
126,0,122,renault,std,four,wagon,fwd,front,96.1,0.6,0.53,0.62,2579,ohc,four,132,mpfi,3.46,3.9,8.7,103.39698492462311,5117.59,10.22,7.58,9295.0,0,1
127,2,122,renault,std,two,hatchback,fwd,front,96.1,0.53,0.54,0.23,2460,ohc,four,132,mpfi,3.46,3.9,8.7,103.39698492462311,5117.59,10.22,7.58,9895.0,0,1
128,3,150,saab,std,two,hatchback,fwd,front,99.1,0.68,0.53,0.69,2658,ohc,four,121,mpfi,3.54,3.07,9.31,110,5250.0,11.19,8.39,11850.0,0,1
129,2,104,saab,std,four,sedan,fwd,front,99.1,0.68,0.53,0.69,2695,ohc,four,121,mpfi,3.54,3.07,9.3,110,5250.0,11.19,8.39,12170.0,0,1
130,3,150,saab,std,two,hatchback,fwd,front,99.1,0.68,0.53,0.69,2707,ohc,four,121,mpfi,2.54,2.07,9.3,110,5250.0,11.19,8.39,15040.0,0,1
131,2,104,saab,std,four,sedan,fwd,front,99.1,0.68,0.53,0.69,2758,ohc,four,121,mpfi,3.54,3.07,9.3,110,5250.0,11.19,8.39,15510.0,0,1
132,3,150,saab,turbo,two,hatchback,fwd,front,99.1,0.68,0.53,0.69,2808,dohc,four,121,mpfi,3.54,3.07,9.0,160,5500.0,12.37,9.04,18150.0,0,1
133,2,104,saab,turbo,four,sedan,fwd,front,99.1,0.68,0.53,0.69,2847,dohc,four,121,mpfi,3.54,3.07,9.0,160,5500.0,12.37,9.04,18620.0,0,1
134,2,83,subaru,std,two,hatchback,fwd,front,93.7,0.24,0.26,0.49,2050,ohcf,four,97,2bbl,3.62,2.36,9.0,69,4900.0,7.58,6.53,5118.0,0,1
135,2,83,subaru,std,two,hatchback,fwd,front,93.7,0.25,0.28,0.49,2120,ohcf,four,108,2bbl,3.62,2.64,8.7,73,4400.0,9.04,7.58,7053.0,0,1
136,2,83,subaru,std,two,hatchback,4wd,front,93.3,0.24,0.3,0.66,2240,ohcf,four,108,2bbl,3.62,2.64,8.7,73,4400.0,9.04,7.58,7603.0,0,1
137,0,102,subaru,std,four,sedan,fwd,front,97.2,0.46,0.44,0.39,2145,ohcf,four,108,2bbl,3.62,2.64,9.5,82,4800.0,7.34,6.35,7126.0,0,1
138,0,102,subaru,std,four,sedan,fwd,front,97.2,0.46,0.44,0.39,2190,ohcf,four,108,2bbl,3.62,2.64,9.5,82,4400.0,8.39,7.12,7775.0,0,1
139,0,102,subaru,std,four,sedan,fwd,front,97.2,0.46,0.44,0.39,2340,ohcf,four,108,mpfi,3.62,2.64,9.0,94,5200.0,9.04,7.34,9960.0,0,1
140,0,102,subaru,std,four,sedan,4wd,front,97.0,0.46,0.44,0.54,2385,ohcf,four,108,2bbl,3.62,2.64,9.0,82,4800.0,9.79,9.4,9233.0,0,1
141,0,102,subaru,turbo,four,sedan,4wd,front,97.0,0.46,0.44,0.54,2510,ohcf,four,108,mpfi,3.62,2.64,7.7,111,4800.0,9.79,8.1,11259.0,0,1
142,0,89,subaru,std,four,wagon,fwd,front,97.0,0.48,0.44,0.43,2290,ohcf,four,108,2bbl,3.62,2.64,9.0,82,4800.0,8.39,7.34,7463.0,0,1
143,0,89,subaru,std,four,wagon,fwd,front,97.0,0.48,0.44,0.43,2455,ohcf,four,108,mpfi,3.62,2.64,9.0,94,5200.0,9.4,7.58,10198.0,0,1
144,0,85,subaru,std,four,wagon,4wd,front,96.9,0.49,0.44,0.59,2420,ohcf,four,108,2bbl,3.62,2.64,9.0,82,4800.0,10.22,8.1,8013.0,0,1
145,0,85,subaru,turbo,four,wagon,4wd,front,96.9,0.49,0.44,0.59,2650,ohcf,four,108,mpfi,3.62,2.64,7.7,111,4800.0,10.22,10.22,11694.0,0,1
146,1,87,toyota,std,two,hatchback,fwd,front,95.7,0.26,0.28,0.56,1985,ohc,four,92,2bbl,3.05,3.03,9.0,62,4800.0,6.71,6.03,5348.0,0,1
147,1,87,toyota,std,two,hatchback,fwd,front,95.7,0.26,0.28,0.56,2040,ohc,four,92,2bbl,3.05,3.03,9.0,62,4800.0,7.58,6.18,6338.0,0,1
148,1,74,toyota,std,four,hatchback,fwd,front,95.7,0.26,0.28,0.56,2015,ohc,four,92,2bbl,3.05,3.03,9.0,62,4800.0,7.58,6.18,6488.0,0,1
149,0,77,toyota,std,four,wagon,fwd,front,95.7,0.43,0.28,0.94,2280,ohc,four,92,2bbl,3.05,3.03,9.0,62,4800.0,7.58,6.35,6918.0,0,1
150,0,81,toyota,std,four,wagon,4wd,front,95.7,0.43,0.28,0.94,2290,ohc,four,92,2bbl,3.05,3.03,9.0,62,4800.0,8.7,7.34,7898.0,0,1
151,0,91,toyota,std,four,wagon,4wd,front,95.7,0.43,0.28,0.94,3110,ohc,four,92,2bbl,3.05,3.03,9.0,62,4800.0,8.7,7.34,8778.0,0,1
152,0,91,toyota,std,four,sedan,fwd,front,95.7,0.38,0.35,0.43,2081,ohc,four,98,2bbl,3.19,3.03,9.0,70,4800.0,7.83,6.35,6938.0,0,1
153,0,91,toyota,std,four,hatchback,fwd,front,95.7,0.38,0.35,0.42,2109,ohc,four,98,2bbl,3.19,3.03,9.0,70,4800.0,7.83,6.35,7198.0,0,1
154,0,91,toyota,std,four,sedan,fwd,front,95.7,0.38,0.35,0.43,2275,ohc,four,110,idi,3.27,3.35,22.5,56,4500.0,6.91,6.53,7898.0,1,0
155,0,91,toyota,std,four,hatchback,fwd,front,95.7,0.38,0.35,0.42,2275,ohc,four,110,idi,3.27,3.35,22.5,56,4500.0,6.18,5.0,7788.0,1,0
156,0,91,toyota,std,four,sedan,fwd,front,95.7,0.38,0.35,0.43,2094,ohc,four,98,2bbl,3.19,3.03,9.0,70,4800.0,6.18,5.0,7738.0,0,1
157,0,91,toyota,std,four,hatchback,fwd,front,95.7,0.38,0.35,0.42,2122,ohc,four,98,2bbl,3.19,3.03,9.0,70,4800.0,8.39,6.91,8358.0,0,1
158,0,91,toyota,std,four,sedan,fwd,front,95.7,0.38,0.35,0.42,2140,ohc,four,98,2bbl,3.19,3.03,9.0,70,4800.0,8.39,6.91,9258.0,0,1
159,1,168,toyota,std,two,sedan,rwd,front,94.5,0.41,0.32,0.4,2169,ohc,four,98,2bbl,3.19,3.03,9.0,70,4800.0,8.1,6.91,8058.0,0,1
160,1,168,toyota,std,two,hatchback,rwd,front,94.5,0.41,0.32,0.4,2204,ohc,four,98,2bbl,3.19,3.03,9.0,70,4800.0,8.1,6.91,8238.0,0,1
161,1,168,toyota,std,two,sedan,rwd,front,94.5,0.41,0.32,0.4,2265,dohc,four,98,mpfi,3.24,3.08,9.4,112,6600.0,9.04,8.1,9298.0,0,1
162,1,168,toyota,std,two,hatchback,rwd,front,94.5,0.41,0.32,0.4,2300,dohc,four,98,mpfi,3.24,3.08,9.4,112,6600.0,9.04,8.1,9538.0,0,1
163,2,134,toyota,std,two,hardtop,rwd,front,98.4,0.52,0.45,0.35,2540,ohc,four,146,mpfi,3.62,3.5,9.3,116,4800.0,9.79,7.83,8449.0,0,1
164,2,134,toyota,std,two,hardtop,rwd,front,98.4,0.52,0.45,0.35,2536,ohc,four,146,mpfi,3.62,3.5,9.3,116,4800.0,9.79,7.83,9639.0,0,1
165,2,134,toyota,std,two,hatchback,rwd,front,98.4,0.52,0.45,0.35,2551,ohc,four,146,mpfi,3.62,3.5,9.3,116,4800.0,9.79,7.83,9989.0,0,1
166,2,134,toyota,std,two,hardtop,rwd,front,98.4,0.52,0.45,0.35,2679,ohc,four,146,mpfi,3.62,3.5,9.3,116,4800.0,9.79,7.83,11199.0,0,1
167,2,134,toyota,std,two,hatchback,rwd,front,98.4,0.52,0.45,0.35,2714,ohc,four,146,mpfi,3.62,3.5,9.3,116,4800.0,9.79,7.83,11549.0,0,1
168,2,134,toyota,std,two,convertible,rwd,front,98.4,0.52,0.45,0.43,2975,ohc,four,146,mpfi,3.62,3.5,9.3,116,4800.0,9.79,7.83,17669.0,0,1
169,-1,65,toyota,std,four,sedan,fwd,front,102.4,0.51,0.53,0.59,2326,ohc,four,122,mpfi,3.31,3.54,8.7,92,4200.0,8.1,6.91,8948.0,0,1
170,-1,65,toyota,turbo,four,sedan,fwd,front,102.4,0.51,0.53,0.59,2480,ohc,four,110,idi,3.27,3.35,22.5,73,4500.0,7.83,7.12,10698.0,1,0
171,-1,65,toyota,std,four,hatchback,fwd,front,102.4,0.51,0.53,0.51,2414,ohc,four,122,mpfi,3.31,3.54,8.7,92,4200.0,8.7,7.34,9988.0,0,1
172,-1,65,toyota,std,four,sedan,fwd,front,102.4,0.51,0.53,0.59,2414,ohc,four,122,mpfi,3.31,3.54,8.7,92,4200.0,8.7,7.34,10898.0,0,1
173,-1,65,toyota,std,four,hatchback,fwd,front,102.4,0.51,0.53,0.51,2458,ohc,four,122,mpfi,3.31,3.54,8.7,92,4200.0,8.7,7.34,11248.0,0,1
174,3,197,toyota,std,two,hatchback,rwd,front,102.9,0.63,0.63,0.35,2976,dohc,six,171,mpfi,3.27,3.35,9.3,161,5200.0,11.75,9.79,16558.0,0,1
175,3,197,toyota,std,two,hatchback,rwd,front,102.9,0.63,0.63,0.35,3016,dohc,six,171,mpfi,3.27,3.35,9.3,161,5200.0,12.37,9.79,15998.0,0,1
176,-1,90,toyota,std,four,sedan,rwd,front,104.5,0.7,0.53,0.53,3131,dohc,six,171,mpfi,3.27,3.35,9.2,156,5200.0,11.75,9.79,15690.0,0,1
177,-1,122,toyota,std,four,wagon,rwd,front,104.5,0.7,0.53,0.53,3151,dohc,six,161,mpfi,3.27,3.35,9.2,156,5200.0,12.37,9.79,15750.0,0,1
178,2,122,volkswagen,std,two,sedan,fwd,front,97.3,0.46,0.44,0.66,2261,ohc,four,97,idi,3.01,3.4,23.0,52,4800.0,6.35,5.11,7775.0,1,0
179,2,122,volkswagen,std,two,sedan,fwd,front,97.3,0.46,0.44,0.66,2209,ohc,four,109,mpfi,3.19,3.4,9.0,85,5250.0,8.7,6.91,7975.0,0,1
180,2,94,volkswagen,std,four,sedan,fwd,front,97.3,0.46,0.44,0.66,2264,ohc,four,97,idi,3.01,3.4,23.0,52,4800.0,6.35,5.11,7995.0,1,0
181,2,94,volkswagen,std,four,sedan,fwd,front,97.3,0.46,0.44,0.66,2212,ohc,four,109,mpfi,3.19,3.4,9.0,85,5250.0,8.7,6.91,8195.0,0,1
182,2,94,volkswagen,std,four,sedan,fwd,front,97.3,0.46,0.44,0.66,2275,ohc,four,109,mpfi,3.19,3.4,9.0,85,5250.0,8.7,6.91,8495.0,0,1
183,2,94,volkswagen,turbo,four,sedan,fwd,front,97.3,0.46,0.44,0.66,2319,ohc,four,97,idi,3.01,3.4,23.0,68,4500.0,6.35,5.6,9495.0,1,0
184,2,94,volkswagen,std,four,sedan,fwd,front,97.3,0.46,0.44,0.66,2300,ohc,four,109,mpfi,3.19,3.4,10.0,100,5500.0,9.04,7.34,9995.0,0,1
185,3,122,volkswagen,std,two,convertible,fwd,front,94.5,0.27,0.33,0.65,2254,ohc,four,109,mpfi,3.19,3.4,8.5,90,5500.0,9.79,8.1,11595.0,0,1
186,3,256,volkswagen,std,two,hatchback,fwd,front,94.5,0.37,0.32,0.3,2221,ohc,four,109,mpfi,3.19,3.4,8.5,90,5500.0,9.79,8.1,9980.0,0,1
187,0,122,volkswagen,std,four,sedan,fwd,front,100.4,0.58,0.56,0.61,2661,ohc,five,136,mpfi,3.19,3.4,8.5,110,5500.0,12.37,9.79,13295.0,0,1
188,0,122,volkswagen,turbo,four,sedan,fwd,front,100.4,0.58,0.56,0.61,2579,ohc,four,97,idi,3.01,3.4,23.0,68,4500.0,7.12,6.18,13845.0,1,0
189,0,122,volkswagen,std,four,wagon,fwd,front,100.4,0.63,0.56,0.61,2563,ohc,four,109,mpfi,3.19,3.4,9.0,88,5500.0,9.4,7.58,12290.0,0,1
190,-2,103,volvo,std,four,sedan,rwd,front,104.3,0.71,0.59,0.7,2912,ohc,four,141,mpfi,3.78,3.15,9.5,114,5400.0,10.22,8.39,12940.0,0,1
191,-1,74,volvo,std,four,wagon,rwd,front,104.3,0.71,0.59,0.81,3034,ohc,four,141,mpfi,3.78,3.15,9.5,114,5400.0,10.22,8.39,13415.0,0,1
192,-2,103,volvo,std,four,sedan,rwd,front,104.3,0.71,0.59,0.7,2935,ohc,four,141,mpfi,3.78,3.15,9.5,114,5400.0,9.79,8.39,15985.0,0,1
193,-1,74,volvo,std,four,wagon,rwd,front,104.3,0.71,0.59,0.81,3042,ohc,four,141,mpfi,3.78,3.15,9.5,114,5400.0,9.79,8.39,16515.0,0,1
194,-2,103,volvo,turbo,four,sedan,rwd,front,104.3,0.71,0.59,0.7,3045,ohc,four,130,mpfi,3.62,3.15,7.5,162,5100.0,13.82,10.68,18420.0,0,1
195,-1,74,volvo,turbo,four,wagon,rwd,front,104.3,0.71,0.59,0.81,3157,ohc,four,130,mpfi,3.62,3.15,7.5,162,5100.0,13.82,10.68,18950.0,0,1
196,-1,95,volvo,std,four,sedan,rwd,front,109.1,0.71,0.74,0.64,2952,ohc,four,141,mpfi,3.78,3.15,9.5,114,5400.0,10.22,8.39,16845.0,0,1
197,-1,95,volvo,turbo,four,sedan,rwd,front,109.1,0.71,0.73,0.64,3049,ohc,four,141,mpfi,3.78,3.15,8.7,160,5300.0,12.37,9.4,19045.0,0,1
198,-1,95,volvo,std,four,sedan,rwd,front,109.1,0.71,0.74,0.64,3012,ohcv,six,173,mpfi,3.58,2.87,8.8,134,5500.0,13.06,10.22,21485.0,0,1
199,-1,95,volvo,turbo,four,sedan,rwd,front,109.1,0.71,0.74,0.64,3217,ohc,six,145,idi,3.01,3.4,23.0,106,4800.0,9.04,8.7,22470.0,1,0
200,-1,95,volvo,turbo,four,sedan,rwd,front,109.1,0.71,0.74,0.64,3062,ohc,four,141,mpfi,3.78,3.15,9.5,114,5400.0,12.37,9.4,22625.0,0,1
